,name,sequence,pI,NetCharge_pH7,Hydrophobizität,Dipol_Approx,Aromaticity,rmsd_mean,rmsd_std,gyrate-taf_mean,gyrate-taf_std,energy_mean,energy_std,area_mean,area_std,lj_contacts_protein_protein_mean,lj_contacts_protein_protein_std,lj_contacts_protein_water_mean,lj_contacts_protein_water_std,hbond_protein_protein_mean,hbond_protein_protein_std,hbond_protein_water_mean,hbond_protein_water_std,melting_point,class
0,H_Pin1_Y23L,KLPPGWEKRMSRSSGRVLYFNHITNASQWERPSG,10.932,3.85,-1.103,4.357,0.1176,0.217,0.032,0.97,0.013,643.978,25.048,31.077,0.943,556.0,0.0,640.867,23.348,18.283,2.061,96.576,4.86,45.3,non-stable
1,H_Pin1_Y24A,KLPPGWEKRMSRSSGRVYAFNHITNASQWERPSG,10.932,3.85,-1.162,4.357,0.1176,0.396,0.093,1.017,0.023,639.722,25.117,32.9,1.283,547.0,0.0,678.49,29.69,17.955,2.425,97.74,5.444,10.0,non-stable
2,H_Pin1_Y24F,KLPPGWEKRMSRSSGRVYFFNHITNASQWERPSG,10.932,3.85,-1.132,4.357,0.1471,0.194,0.029,0.976,0.012,564.649,23.565,31.159,0.861,557.0,0.0,643.92,22.461,17.673,2.009,97.396,4.993,51.4,stable
3,H_Pin1_Y24L,KLPPGWEKRMSRSSGRVYLFNHITNASQWERPSG,10.932,3.85,-1.103,4.357,0.1176,0.303,0.036,0.995,0.027,511.725,22.593,31.877,1.396,556.0,0.0,659.238,30.314,19.027,2.46,95.757,5.325,10.0,non-stable
4,H_Pin1_Y24W,KLPPGWEKRMSRSSGRVYWFNHITNASQWERPSG,10.932,3.85,-1.241,4.357,0.1471,0.179,0.023,0.979,0.011,556.894,23.408,30.908,0.876,561.0,0.0,638.761,23.294,18.063,2.318,96.976,5.134,52.9,stable
5,h_YAP65,VPLPAGWEMAKTSSGQRYFLNHIDQTTTWQDPRKAM,8.476,0.823,-0.814,2.4,0.1111,0.249,0.028,0.98,0.015,588.443,23.708,32.498,1.04,576.0,0.0,672.654,25.617,21.496,2.051,98.026,4.891,50.9,stable
6,jager_pin1_10,KLPPGWEVRMSRSSGRVYYFNHITNASQWERPSG,10.257,2.85,-1.015,3.333,0.1471,0.182,0.021,0.976,0.012,586.875,23.596,30.642,1.045,552.0,0.0,631.814,24.91,18.063,2.101,95.966,4.972,62.8,stable
7,jager_pin1_11,KLPPGWEYRMSRSSGRVYYFNHITNASQWERPSG,9.985,2.849,-1.176,3.333,0.1765,0.185,0.024,0.971,0.01,587.188,23.915,31.057,0.788,557.0,0.0,640.532,21.556,18.259,2.021,97.396,4.754,51.7,stable
8,jager_pin1_12,KLPPGWEERMSRSSGRVYYFNHITNASQWERPSG,9.691,1.853,-1.241,0.167,0.1471,0.223,0.028,0.968,0.012,586.214,23.853,30.95,0.909,551.0,0.0,643.306,23.407,18.299,2.31,102.249,5.23,58.8,stable
9,jager_pin1_2,DEEKLPPGWEKRMSRSSGRVYYFNHITNASQWERPSG,8.437,0.856,-1.435,7.343,0.1351,0.267,0.05,1.01,0.015,497.31,21.94,33.312,0.895,600.0,0.0,695.002,22.346,20.612,2.501,117.679,5.508,68.4,stable
10,jager_pin1_3,EEKLPPGWEKRMSRSSGRVYYFNHITNASQWERPSG,9.524,1.928,-1.378,5.143,0.1389,0.214,0.029,1.001,0.014,574.12,23.718,32.894,1.02,588.0,0.0,682.865,24.487,20.109,2.322,111.714,5.613,65.7,stable
11,jager_pin1_4,EKLPPGWEKRMSRSSGRVYYFNHITNASQWERPSG,9.986,2.926,-1.317,1.81,0.1429,0.175,0.021,0.991,0.011,593.159,24.255,31.619,1.003,573.0,0.0,656.854,24.292,19.39,2.55,104.483,5.407,62.7,stable
12,jager_pin1_5,KLPPGWEKRMSRSSGRVYYFNHITNASQWERPSG,10.42,3.849,-1.253,4.357,0.1471,0.179,0.024,0.975,0.011,559.348,23.651,30.975,0.951,558.0,0.0,639.842,23.733,18.581,2.09,97.344,5.005,58.6,stable
13,jager_pin1_6,NQQKLPPGWEKRMSRSSGRVYYFNHITNASQWERPSG,10.42,3.849,-1.435,4.357,0.1351,0.299,0.038,1.029,0.018,649.899,25.339,34.411,1.142,606.0,0.0,712.446,26.434,19.13,2.378,112.467,5.679,57.9,stable
14,jager_pin1_7,DEEKLPPGWEARMSRSSGRVYYFNHITNASQWERPSG,6.774,-0.143,-1.281,8.367,0.1351,0.314,0.057,1.021,0.022,572.952,23.664,33.322,1.065,588.0,0.0,693.676,26.316,20.382,2.662,116.798,5.958,59.1,stable
15,jager_pin1_8,KLPPGWEARMSRSSGRVYYFNHITNASQWERPSG,10.257,2.85,-1.085,3.333,0.1471,0.21,0.015,0.965,0.01,519.287,22.819,30.346,0.833,546.0,0.0,625.143,22.033,18.191,1.995,96.486,4.582,59.6,stable
16,jager_pin1_9,NQQKLPPGWEARMSRSSGRVYYFNHITNASQWERPSG,10.257,2.85,-1.281,3.333,0.1351,0.253,0.04,1.018,0.021,646.562,24.872,34.177,0.923,594.0,0.0,704.796,24.052,18.87,2.125,110.406,5.234,58.8,stable
17,jager_ww_11,SEWTERKSRSSGRTYYYNNRTLESTFEKP,9.394,1.466,-1.855,0.417,0.1724,0.205,0.025,0.947,0.013,537.523,22.662,28.858,0.815,489.0,0.0,601.969,21.645,18.833,2.615,101.708,5.338,31.0,non-stable
18,manu_fbp11_1,GAMGVAAGTASGAKSMWTEHKSPDRTYYYNTETKQSTWEKPDDLKTPA,6.768,-0.149,-1.1,4.738,0.1042,0.472,0.041,1.085,0.016,744.825,27.083,39.861,1.124,718.0,0.0,845.362,27.316,24.817,2.741,140.233,6.26,66.0,stable
19,jager_ww_3,KLPPGWEKRMSRDGRVYYFNHITNASQWERPSG,9.985,2.85,-1.348,2.619,0.1515,0.238,0.026,0.968,0.009,579.111,23.31,30.597,0.998,548.0,0.0,636.216,23.953,18.64,2.138,99.39,5.188,74.2,stable
20,jager_ww_4,KLPPGWEKRMSARGRVYYFNHITNASQWERPSG,10.42,3.849,-1.188,4.143,0.1515,0.161,0.015,0.959,0.009,591.569,24.291,29.832,0.988,546.0,0.0,619.881,23.856,18.676,2.098,93.479,4.812,62.1,stable
21,jager_ww_5,KLPPGWEKRMSSSGRVYYFNHITNASQWERPSG,9.989,2.849,-1.155,4.0,0.1515,0.157,0.026,0.943,0.013,357.505,18.893,28.675,1.167,534.0,0.0,594.333,27.341,18.404,1.983,92.137,4.821,69.2,stable
22,jager_ww_6,KLPPGWEKRMSRSSRVYYFNHITNASQWERPSG,10.42,3.849,-1.279,4.286,0.1515,0.177,0.016,0.963,0.011,430.373,20.609,31.079,0.82,551.0,0.0,642.415,21.965,18.527,2.056,97.106,4.829,50.8,stable
23,jager_ww_7,KLPPGWEKRMSNGRVYYFNHITNASQWERPSG,9.989,2.849,-1.25,4.0,0.1562,0.212,0.016,0.919,0.011,527.121,22.556,28.557,0.856,526.0,0.0,595.542,21.681,18.117,2.029,91.374,4.633,68.1,stable
24,jager_ww_8,KLPPGWEKRMSRGRVYYFNHITNASQWERPSG,10.42,3.849,-1.281,4.214,0.1562,0.196,0.018,0.937,0.008,452.119,21.07,29.478,0.819,536.0,0.0,611.571,21.429,17.748,1.923,92.798,4.741,62.6,stable
25,jager_ww_9,KLPPGWEKRMSSGRVYYFNHITNASQWERPSG,9.989,2.849,-1.166,4.0,0.1562,0.165,0.02,0.915,0.009,483.839,21.476,28.373,0.764,523.0,0.0,589.03,20.257,17.854,1.863,90.1,4.617,62.0,stable
26,jager_ww_10,SEWTERKTADGKTYYYNNRTLESTFEKP,6.038,-0.534,-1.739,1.2,0.1786,0.219,0.03,0.916,0.01,343.107,18.136,26.73,0.766,466.0,0.0,562.754,20.829,18.845,2.415,96.52,5.491,54.4,stable
27,Jo_GalWW2,PLPPGWHINIRSGSGRIVYNTKNSITWGTETWERPRL,10.837,3.049,-0.811,10.5,0.1081,0.301,0.056,1.045,0.017,620.965,24.334,34.751,0.99,606.0,0.0,724.362,24.935,17.115,2.237,105.913,5.366,55.0,stable
28,jordan_cntrl,KGWEKRWNPATGRWYYYHPATGKRQWERPD,9.99,3.851,-2.057,5.583,0.2333,0.242,0.023,0.925,0.011,499.412,22.133,28.15,0.926,525.0,0.0,584.804,23.396,18.244,2.189,91.325,4.884,76.9,stable
29,jordan_g2_pHSW,KGWEKRWGGHPATGKGGWYYYNRITGKRQWERPD,10.113,4.85,-1.85,6.667,0.2059,0.355,0.079,1.025,0.037,633.276,25.04,32.26,0.969,570.0,0.0,668.618,23.987,20.622,2.073,101.018,4.856,51.1,stable
30,jordan_g4_pHSW,KGWEKRWGGGGHPATGKGGGGWYYYNRITGKRQWERPD,10.113,4.85,-1.697,7.111,0.1842,0.223,0.023,1.028,0.016,669.209,25.163,32.968,1.111,598.0,0.0,686.355,27.142,22.399,2.306,106.454,5.174,36.9,non-stable
31,Jo_SO1E15R,AEYVRALFDHTGHDRQELPFKKGEILRIRDKPEEQLWNAENSEGKRGLIHVVLVEKYG,6.327,-0.924,-0.866,1.098,0.0862,0.168,0.012,1.075,0.006,765.248,26.835,44.528,1.016,961.0,0.0,941.494,26.734,43.151,3.125,168.112,6.876,44.0,non-stable
32,Kelly_hyap_A20R,VPLPAGWEMRKTSSGQRYFLNHIDQTTTWQDPRK,9.693,1.823,-1.156,0.167,0.1176,0.179,0.029,0.962,0.008,584.349,23.657,31.061,0.721,563.0,0.0,644.277,20.845,22.064,2.056,95.855,4.666,63.0,stable
33,Kelly_hyap_a20r_d34t,VPLPAGWEMRKTSSGQRYFLNHITQTTTWQDPRK,10.267,2.822,-1.074,1.667,0.1176,0.203,0.02,0.959,0.008,599.176,24.391,30.887,0.789,565.0,0.0,639.206,21.868,21.873,1.995,91.306,4.69,68.0,stable
34,Kelly_hyap_a20r_l30y,VPLPAGWEMRKTSSGQRYFYNHIDQTTTWQDPRK,9.522,1.822,-1.306,0.167,0.1471,0.195,0.027,0.964,0.008,595.316,23.744,31.004,0.78,565.0,0.0,643.954,21.533,22.208,2.066,97.612,4.761,73.7,stable
35,Kelly_hyap_a20r_l30y_d34t,VPLPAGWEMRKTSSGQRYFYNHITQTTTWQDPRK,9.989,2.821,-1.224,1.667,0.1471,0.159,0.019,0.964,0.009,586.072,24.017,30.864,0.792,567.0,0.0,636.89,22.057,22.42,2.044,92.755,4.643,79.6,stable
36,Kelly_hyap_D34T,VPLPAGWEMAKTSSGQRYFLNHITQTTTWQDPRK,9.696,1.822,-0.888,3.9,0.1176,0.17,0.027,0.961,0.011,247.751,15.671,30.576,0.861,551.0,0.0,631.855,22.897,20.67,1.921,90.319,4.605,56.6,stable
37,Kelly_hyap_L30Y,VPLPAGWEMAKTSSGQRYFYNHIDQTTTWQDPRK,8.41,0.822,-1.121,2.4,0.1471,0.154,0.027,0.969,0.01,557.293,23.201,31.051,0.831,551.0,0.0,643.915,22.713,20.687,2.104,97.094,4.877,54.5,stable
38,Kelly_hyap_wt,VPLPAGWEMAKTSSGQRYFLNHIDQTTTWQDPRK,8.476,0.823,-0.971,2.4,0.1176,0.191,0.019,0.971,0.01,552.777,22.776,31.234,0.775,549.0,0.0,648.673,21.604,19.652,1.855,96.675,4.593,51.6,stable
39,manu_fbp11_2,GAMGKTPAEQLLSKCPWKEYKSDSGKPYYYNSQTKESRWAKPKELEDLE,8.037,0.763,-1.412,7.347,0.1224,0.398,0.065,1.186,0.03,947.908,30.463,44.406,1.252,791.0,0.0,934.166,29.121,28.194,3.269,150.796,6.597,59.0,stable
40,manu_nedd4_3,GAMGPSEIEQGFLPKGWEVRHAPNGRPFFIDHNTKTTTWEDPRLKIPAH,7.032,0.032,-0.863,7.444,0.102,0.366,0.083,1.099,0.033,801.837,28.057,41.823,1.783,773.0,0.0,875.868,39.665,32.043,3.076,123.261,6.237,55.8,stable
41,manu_nedd4_4,GAMGDTSNDLGPLPPGWEERTHTDGRIFYINHNIKRTQWEDPRLENVAIT,5.044,-3.052,-0.954,5.446,0.08,0.315,0.049,1.13,0.019,607.32,24.318,41.892,1.425,783.0,0.0,882.44,32.521,33.548,3.234,145.246,6.433,57.2,stable
42,ms_C13,ASKVGRWTEYVTETGKVYYYDSNTGKSQWSKPEGF,8.31,0.797,-1.146,2.6,0.2,0.339,0.027,1.02,0.023,592.169,23.607,32.158,1.113,555.0,0.0,672.336,26.25,19.257,2.018,108.706,5.014,36.8,non-stable
43,ms_C14,PLPPGWEQRKDNLGRSFFVDHNNGTTTWEDPTLP,4.829,-1.946,-1.206,5.65,0.1176,0.194,0.022,0.97,0.01,270.075,16.101,30.498,0.744,534.0,0.0,640.437,21.928,22.056,2.245,98.812,5.395,22.0,non-stable
44,ms_CC11,PLPPGWEKRVDDNTGVVYFVNHNNRTTQWDRPSPQ,7.175,0.05,-1.343,4.0,0.1143,0.227,0.021,1.005,0.014,506.226,22.164,32.234,0.981,564.0,0.0,668.446,23.931,18.276,2.041,109.065,5.124,36.0,non-stable
45,ms_CC18,DMGAIWKEALSADGQKYFYNTQTGQSAWTKPSEK,6.212,-0.238,-1.032,8.0,0.1471,0.293,0.045,1.033,0.023,529.545,22.403,32.795,1.17,525.0,0.0,678.473,26.997,17.226,1.993,106.377,5.105,34.4,non-stable
46,ms_CC20,QLPLGEWVEILSADGIYYYNKTTKETQWTKPDSE,4.513,-3.227,-0.909,5.0,0.1471,0.345,0.035,0.983,0.021,552.595,22.898,30.611,1.162,553.0,0.0,646.849,26.954,19.557,2.291,106.188,5.809,48.3,non-stable
47,ms_CC22,TSKPGWTERKSEDGRTYYYNPYTGESQWERPKGL,7.978,0.404,-1.897,0.9,0.1765,0.265,0.036,1.008,0.015,464.398,21.279,32.207,0.968,554.0,0.0,673.154,24.101,19.202,2.494,114.163,5.667,55.9,stable
48,ms_CC24,PLPANWETRKTPDGVTYYIDHNTRTTTFADPRFE,5.636,-0.943,-1.135,1.6,0.1471,0.432,0.069,1.047,0.027,494.894,21.663,33.277,0.916,549.0,0.0,691.812,24.564,23.26,2.397,101.81,5.261,32.0,non-stable
49,ms_CC39,SLPPGWEMAFDQQYGRVYFVDHNTRRTTWTDPRVP,6.479,-0.449,-1.006,6.9,0.1714,0.297,0.025,1.017,0.01,657.134,24.899,31.69,0.861,576.0,0.0,656.279,23.217,22.847,2.334,97.813,5.005,33.9,non-stable
50,ms_CC43,RLPAGWEQRMDVKGRPYFVDHNTKSTTWEDPRPE,6.786,-0.139,-1.515,5.405,0.1176,0.212,0.029,1.004,0.012,574.375,23.86,33.319,0.872,562.0,0.0,698.499,23.322,22.104,2.843,109.674,5.729,22.0,non-stable
51,ms_CC44,PLPPGWEMRVTSDGVKYYVDHITQTTSWDRPRLQ,7.17,0.049,-0.912,4.35,0.1176,0.24,0.033,0.988,0.01,510.35,22.024,31.722,0.922,559.0,0.0,660.543,23.963,19.667,2.215,100.876,5.064,46.0,non-stable
52,ms_CC45,GLPPGWERRTDVEGKVYYFNVRTLTTTWERPTII,8.495,0.767,-0.647,1.8,0.1471,0.155,0.021,0.982,0.009,550.467,23.078,30.852,0.821,573.0,0.0,646.083,22.031,18.128,1.977,99.476,4.716,65.6,stable
53,ms_CC8,ELPPGWEERVDPRGFIYFVDHNTKTTQWQHPRAH,6.293,-0.896,-1.274,13.886,0.1471,0.357,0.034,0.98,0.013,526.523,22.539,31.54,0.931,566.0,0.0,659.806,23.639,22.671,2.27,102.021,5.089,42.4,non-stable
54,ms_N1,GLPKPWIVKISRSRNRPYFFNTETHESLWEPPAAT,9.694,1.853,-0.8,13.0,0.1429,0.241,0.051,1.01,0.016,555.311,23.468,32.911,0.988,582.0,0.0,681.764,23.921,15.743,1.87,99.616,4.716,46.9,non-stable
55,ms_N11,PLPPGWEIRKDGRGRVYYVDHNTRKTTWQRPNSE,9.989,3.055,-1.653,0.375,0.1176,0.247,0.028,0.995,0.014,696.779,25.927,32.322,1.173,573.0,0.0,675.319,27.85,20.161,3.163,107.297,6.678,42.3,non-stable
56,ms_N12,PLPPGWEIRYTAAGERFFVDHNTRRTTFEDPRPG,7.191,0.055,-1.071,0.967,0.1471,0.265,0.028,0.968,0.007,561.822,22.963,31.181,0.728,549.0,0.0,648.735,20.823,23.166,2.105,98.259,4.807,47.4,non-stable
57,ms_N13,MRGEWQEFKTPAGKKYYYNKNTKQSRWEKPNLK,9.997,5.499,-1.997,6.0,0.1818,0.331,0.046,0.983,0.016,649.957,25.006,33.891,1.365,584.0,0.0,705.082,30.062,18.101,2.25,106.108,5.591,44.4,non-stable
58,ms_N15,PLPPGWTEHKAPSGIPYYWNAELKKSTYQRPSFI,9.347,2.045,-0.891,4.6,0.1765,0.187,0.031,0.973,0.01,493.478,22.205,32.162,0.87,557.0,0.0,665.976,23.007,14.987,1.857,90.118,4.626,47.1,non-stable
59,ms_N16,PLDNWEMAYTEKGEVYFIDHNTKTTSWLDPRLA,4.582,-2.947,-0.809,7.833,0.1515,0.259,0.037,1.02,0.015,563.668,22.806,33.141,1.024,538.0,0.0,688.22,25.571,20.897,2.354,103.977,5.372,48.1,non-stable
60,ms_N2,DLPFGWEMRYTDTGRPYFVDHNTRTTTWVDPRNP,5.47,-1.147,-1.229,6.2,0.1765,0.219,0.029,0.98,0.01,645.157,24.525,31.606,0.863,559.0,0.0,655.312,22.485,22.762,2.343,100.678,5.033,46.9,non-stable
61,ms_N20,ILPPGWHSYLSPQGRRYYVNTTTNETTWERPSSS,8.503,0.85,-1.126,10.0,0.1471,0.232,0.04,0.971,0.013,529.333,22.663,31.056,1.009,546.0,0.0,642.278,24.578,18.55,2.449,99.591,5.515,51.8,stable
62,ms_N21,SVESDWSVHTNEKGTPYYHNRVTKQTSWIKPDVL,6.67,-0.363,-1.059,6.333,0.1176,0.338,0.034,1.015,0.012,387.077,19.582,32.012,0.781,553.0,0.0,669.8,22.01,19.982,2.347,104.357,5.341,26.0,non-stable
63,ms_N22,LSKCPWKEYKSDSGKPYYYNSQTKESRWAKPKEL,9.419,3.749,-1.7,1.0,0.1765,0.278,0.039,0.998,0.021,638.954,24.874,33.846,0.97,578.0,0.0,710.954,24.474,17.245,2.322,109.704,5.308,25.0,non-stable
64,ms_N24,PLPGWEERQDVLGRTYYVNHESRTTQWKRPSPE,7.195,0.06,-1.588,4.933,0.1212,0.269,0.051,0.981,0.014,488.312,21.638,31.539,1.049,552.0,0.0,660.106,25.111,20.934,2.505,106.01,5.63,45.4,non-stable
65,ms_N25,PLPPGWEQRVDQHGRVYYVDHVEKRTTWDRPEPL,6.065,-0.858,-1.368,0.762,0.1176,0.211,0.029,1.004,0.01,589.814,23.772,33.024,0.982,574.0,0.0,695.242,24.354,18.774,2.451,111.442,5.65,47.4,non-stable
66,ms_N28,ALPPGWEMKYTSEGVRYFVDHNTRTTTFKDPRPG,8.479,0.887,-1.056,4.333,0.1471,0.221,0.049,0.978,0.011,548.518,22.829,32.155,1.096,546.0,0.0,667.636,26.335,20.439,2.799,96.795,5.594,52.7,stable
67,ms_N29,GLPSGWEERKDAKGRTYYVNHNNRTTTWTRPIMQ,9.985,2.85,-1.482,8.762,0.1176,0.236,0.027,1.002,0.011,533.345,22.697,32.824,0.944,562.0,0.0,684.629,24.347,17.485,2.407,110.185,5.749,43.4,non-stable
68,ms_N31,DLPAGWMRVQDTSGTYYWHIPTGTTQWEPPGRA,5.381,-1.15,-0.888,6.333,0.1515,0.212,0.035,0.922,0.016,516.94,21.87,28.382,0.988,511.0,0.0,580.732,24.664,19.036,2.406,87.694,5.071,60.3,stable
69,ms_N33,RLPPGWERRADSLGRTYYVDHNTRTTTWTRPASS,10.737,2.85,-1.335,2.762,0.1176,0.227,0.023,0.996,0.011,630.477,25.095,32.349,1.268,554.0,0.0,670.377,27.921,20.557,2.415,104.434,5.549,35.0,non-stable
70,ms_N34,ELPEGYEQRTTVQGQVYFLHTQTGVSTWHDPRIP,5.359,-1.984,-0.874,12.0,0.1176,0.199,0.034,0.98,0.012,578.471,23.513,30.797,0.931,545.0,0.0,637.665,23.591,21.224,2.115,100.107,4.983,32.4,non-stable
71,ms_N37,AVKTVWVEGLSEDGFTYYYNTETGESRWEKPDDF,4.119,-5.192,-0.968,1.75,0.2059,0.259,0.03,0.989,0.015,615.183,24.073,31.237,0.835,537.0,0.0,654.594,21.691,19.257,2.072,117.479,5.069,58.5,stable
72,ms_N39,PLPPGWEERTHTDGRVFFINHNIKKTQWEDPRMQ,7.333,0.142,-1.347,2.171,0.1176,0.264,0.026,0.995,0.009,512.912,22.142,32.475,0.78,574.0,0.0,677.181,21.904,23.29,2.195,101.968,4.769,38.2,non-stable
73,ms_N41,PLPSGWEMRLTNTARVYFVDHNTKTTTWDDPRLP,7.175,0.05,-0.888,1.3,0.1176,0.234,0.033,0.973,0.012,466.04,21.055,31.374,0.846,556.0,0.0,655.463,23.142,22.372,2.062,95.612,4.784,34.9,non-stable
74,ms_N44,PLPEGWEIRYTREGVRYFVDHNTRTTTFKDPRNG,8.901,1.053,-1.318,5.629,0.1471,0.274,0.026,0.994,0.012,643.978,24.837,32.567,1.036,568.0,0.0,675.492,25.512,22.049,2.962,109.519,5.95,57.4,stable
75,ms_N47,PLPPGWEIKIDPQTGWPFFVDHNSRTTTWNDPRVP,5.438,-0.949,-0.917,4.75,0.1429,0.245,0.038,1.011,0.014,665.797,25.091,32.837,0.94,566.0,0.0,684.845,24.83,20.481,2.097,92.67,4.851,43.9,non-stable
76,ms_N48,GAASGAKSWTEHKSPDGRTYYYNTETKQSTWEKPDDL,5.585,-1.148,-1.592,7.5,0.1351,0.252,0.035,1.001,0.014,664.285,24.997,31.692,0.985,567.0,0.0,670.64,24.462,24.45,2.736,114.755,5.705,49.0,non-stable
77,ms_N6,PLPPGWEERIHLDGRTFYIDHNSKITQWEDPRLQ,5.416,-1.857,-1.179,0.833,0.1176,0.211,0.031,0.967,0.018,545.591,22.677,31.348,1.096,572.0,0.0,661.719,27.188,22.998,2.865,104.015,6.768,31.0,non-stable
78,ms_N7,ELPPGWEQRYTPEGRPYFVDHNTRTTTWVDPRRQ,6.867,-0.07,-1.629,8.133,0.1471,0.239,0.044,0.988,0.014,536.89,22.614,32.345,0.98,572.0,0.0,670.673,25.435,24.474,2.65,105.16,5.463,49.8,non-stable
79,ms_N8,PLPPGWEKRVDSTDRVYFVNHNTKTTQWEDPRTQ,7.176,0.052,-1.5,0.033,0.1176,0.191,0.024,0.975,0.012,558.07,23.187,31.045,0.882,564.0,0.0,650.361,23.294,24.902,2.255,102.921,4.99,43.7,non-stable
80,nguyen_fbd_w30a,GATAVSEWTEYKTADGKTYYYNNRTLESTAEKPQELK,5.11,-1.233,-1.268,3.567,0.1351,0.298,0.052,1.015,0.018,606.762,24.08,33.63,1.018,583.0,0.0,710.174,25.042,24.104,2.564,117.859,5.987,57.0,stable
81,nguyen_fbd_w30f,GATAVSEWTEYKTADGKTYYYNNRTLESTFEKPQELK,5.11,-1.233,-1.241,3.567,0.1622,0.222,0.03,1.0,0.012,564.312,23.26,33.14,1.164,593.0,0.0,697.276,27.829,24.492,2.777,116.233,5.983,66.0,stable
82,nguyen_fbd_y11r,GATAVSEWTERKTADGKTYYYNNRTLESTWEKPQELK,6.353,-0.232,-1.427,1.333,0.1351,0.311,0.044,1.053,0.02,628.07,24.664,34.064,1.138,600.0,0.0,718.835,27.17,24.168,2.662,120.962,5.94,66.0,stable
83,nguyen_fbd_y19l,GATAVSEWTEYKTADGKTLYYNNRTLESTWEKPQELK,5.11,-1.232,-1.203,3.567,0.1351,0.391,0.063,1.034,0.02,665.132,25.221,33.928,1.469,595.0,0.0,713.278,33.741,25.002,3.17,114.029,6.97,55.0,stable
84,prototype,SMGLPPGWDEYKTHNGKTYYYNHNTKTSTWTDPRMSS,8.077,0.633,-1.524,4.0,0.1622,0.265,0.04,1.01,0.024,453.806,20.944,33.277,1.205,584.0,0.0,691.334,29.004,22.967,3.026,103.046,6.474,44.2,non-stable
85,Andrea_tripzip3,SWTWEPNKWTWK,8.311,0.461,-1.85,5.0,0.3333,0.508,0.051,0.751,0.051,224.727,14.641,18.105,1.115,225.0,0.0,374.674,24.103,1.792,0.986,47.797,3.608,78.65,stable
86,Andrea_tripzip4,GEWTWDDATKTWTWTE,4.156,-3.228,-1.475,2.25,0.25,0.141,0.019,0.803,0.015,317.678,17.142,17.396,0.444,262.0,0.0,365.374,14.873,11.75,1.836,56.215,3.722,69.95,stable
87,Andrea_tripzip5,GEWTYDDATKTFTWTE,4.156,-3.229,-1.269,2.25,0.25,0.172,0.037,0.815,0.02,260.038,15.828,17.401,0.47,255.0,0.0,363.52,15.191,10.9,1.778,56.755,3.768,41.85,non-stable
88,Andrea_tripzip6,GEWTWDDATKTWTVTE,4.156,-3.228,-1.156,2.25,0.1875,0.297,0.096,0.781,0.02,324.68,17.636,18.437,0.965,254.0,0.0,387.737,22.795,8.954,2.237,60.42,4.67,44.5,non-stable
89,jordan_p1_pHSW,KGWEKRWHPATGKWYYYNRITGKRQWERPD,10.113,4.85,-2.043,6.222,0.2333,0.214,0.021,0.946,0.008,570.332,23.621,29.913,0.766,542.0,0.0,620.246,20.581,18.855,1.98,94.927,4.724,76.9,stable
90,Du_tripzip3,SWTWEDPNKWTWK,5.789,-0.538,-1.977,5.5,0.3077,0.587,0.043,1.05,0.064,400.285,19.266,20.439,1.953,237.0,0.0,421.653,39.312,1.194,1.125,58.351,4.354,80.1,stable
91,FBP28_W30A_ww,GATAVSEWTEYKTADGKTYYYNNRTLESTAEKPQELK,5.11,-1.233,-1.268,3.567,0.1351,0.265,0.038,1.006,0.014,479.388,21.524,32.946,1.141,583.0,0.0,692.756,27.165,25.856,2.666,114.687,5.697,56.7,stable
92,FBP28_Y19A_ww,GATAVSEWTEYKTADGKTAYYNNRTLESTWEKPQELK,5.11,-1.232,-1.257,3.567,0.1351,0.205,0.024,0.987,0.012,474.168,21.404,31.934,0.961,586.0,0.0,673.794,24.232,26.115,2.68,112.705,5.775,43.1,non-stable
93,FBP28_Y21A_ww,GATAVSEWTEYKTADGKTYYANNRTLESTWEKPQELK,5.11,-1.232,-1.257,3.567,0.1351,0.244,0.032,0.998,0.011,617.269,24.554,32.568,0.869,586.0,0.0,685.962,22.782,24.433,2.909,116.213,5.812,46.8,non-stable
94,FBP28_ww,GATAVSEWTEYKTADGKTYYYNNRTLESTWEKPQELK,5.11,-1.233,-1.341,3.567,0.1622,0.274,0.05,1.005,0.016,595.147,23.778,33.607,1.067,597.0,0.0,707.817,26.564,23.328,2.758,118.373,5.867,61.8,stable
95,Flo_Slam2,AEYVRALFDFNGNDEEDLPFVKGDILRIRDKPEEQWWNAEDVLGKRGLIPVPYVEKYG,4.496,-5.185,-0.688,7.24,0.1379,0.171,0.015,1.059,0.006,727.336,26.162,43.514,0.957,947.0,0.0,918.746,25.686,39.884,2.681,168.111,6.238,50.0,stable
96,Flo_WWcalm3.1,KLPPGWRIDIESGSGRYFYTNEITNASQWERPSG,6.255,-0.233,-1.041,4.25,0.1471,0.222,0.03,0.957,0.009,483.214,21.653,29.933,0.868,537.0,0.0,622.775,22.57,20.14,2.154,101.033,4.919,43.0,non-stable
97,Flo_WWcalm3.2,KLPPGWRIDIESGSGRIYYYNEITNASQWERPSG,6.255,-0.234,-1.009,4.25,0.1471,0.217,0.024,0.947,0.015,558.62,22.973,29.717,0.905,543.0,0.0,619.708,22.49,21.956,2.807,97.819,5.46,59.0,stable
98,Flo_WWcalm3.3,KLPPGWRIDIESGSGRIYYYNEITRTTQWERPSG,8.429,0.766,-1.109,2.0,0.1471,0.203,0.02,0.959,0.01,636.341,24.622,30.733,0.893,560.0,0.0,638.883,23.239,20.368,2.248,102.42,4.888,68.0,stable
99,Flo_WWcalm3.4,KLPPGWRIDIESGSGRIYYNNEITNASQWERPSG,6.255,-0.233,-1.074,4.25,0.1176,0.167,0.021,0.948,0.009,368.113,18.829,29.537,0.796,536.0,0.0,617.546,21.56,21.386,2.187,99.492,5.132,28.0,non-stable
100,Flo_WWcalm4,KLPPGWEIRIGSGSGSFYFDNHITDANQWERPSG,5.484,-1.147,-0.874,4.75,0.1471,0.209,0.017,0.944,0.008,466.456,21.27,29.814,0.917,519.0,0.0,621.488,23.39,18.215,2.176,99.902,4.734,61.0,stable
101,Flo_calmcage,VDADGNGTIDFPEYNLYIQWLKDGGPSSGRPPPS,4.05,-3.262,-0.812,15.6,0.1176,0.287,0.065,1.03,0.052,289.861,16.861,30.078,1.204,497.0,0.0,622.192,27.332,19.927,2.557,95.437,5.243,48.5,non-stable
102,Flo_calmzip1,GKWKWDADGNGTWEWTE,4.541,-2.229,-1.747,8.25,0.2353,0.275,0.029,0.835,0.021,358.022,18.575,18.9,0.743,270.0,0.0,396.185,19.295,8.733,1.844,62.133,4.622,52.0,stable
103,Flo_calmzip2,GKWKWVVDADGNGTIDYPEYLTGTWEWTE,4.185,-4.227,-0.897,15.0,0.2069,0.381,0.073,1.083,0.027,523.083,22.21,30.09,1.108,458.0,0.0,629.17,25.877,12.678,2.088,99.658,5.085,18.0,non-stable
104,Flo_calmzip3,RWITVRIWGDKDGDGYISAAEAAAWKTIRVWE,6.341,-0.229,-0.366,3.2,0.1562,0.423,0.071,1.226,0.04,717.718,25.98,31.81,0.943,520.0,0.0,663.23,23.455,16.332,2.147,99.918,5.199,47.5,non-stable
105,Flo_so1,AEYVRALFDHTGHDEQELPFKKGEILRIRDKPEEQLWNAENSEGKRGLIHVVLVEKYG,5.531,-2.921,-0.848,3.25,0.0862,0.157,0.011,1.073,0.006,666.918,25.445,44.143,0.932,952.0,0.0,934.055,24.889,42.451,2.707,171.626,6.124,47.0,non-stable
106,Flo_wwfan,KLPPGWEKRGGDVTGDGLLDVYYFNHITNASQWERPSG,5.518,-1.148,-0.887,2.0,0.1316,0.205,0.031,1.082,0.017,618.251,24.285,33.229,0.92,585.0,0.0,694.488,23.353,19.946,2.137,112.424,5.078,27.0,non-stable
107,Flo_wwturn,RWFYFNRITGKRQFEDPDGLVKGWEKRWD,9.521,1.768,-1.407,5.457,0.2414,0.225,0.018,0.889,0.008,563.119,23.075,27.657,0.845,518.0,0.0,580.62,20.933,19.993,2.041,93.435,4.442,55.5,stable
108,H_Pin1_A31G,KLPPGWEKRMSRSSGRVYYFNHITNGSQWERPSG,10.42,3.849,-1.318,4.357,0.1471,0.186,0.018,0.973,0.01,591.632,24.154,30.719,0.807,555.0,0.0,635.894,21.814,18.763,2.044,97.477,4.833,40.9,non-stable
109,H_Pin1_E12A,KLPPGWAKRMSRSSGRVYYFNHITNASQWERPSG,11.0,4.846,-1.097,15.857,0.1471,0.214,0.025,0.987,0.011,501.259,22.154,31.315,1.197,553.0,0.0,643.685,26.213,16.845,2.068,94.453,4.829,52.6,stable
110,H_Pin1_E35A,KLPPGWEKRMSRSSGRVYYFNHITNASQWARPSG,11.0,4.846,-1.097,7.143,0.1471,0.183,0.029,0.974,0.011,491.715,21.902,30.841,0.958,553.0,0.0,635.742,23.325,17.329,1.997,93.374,4.816,50.3,stable
111,H_Pin1_F25A,KLPPGWEKRMSRSSGRVYYANHITNASQWERPSG,10.42,3.849,-1.282,4.357,0.1176,0.194,0.024,0.977,0.012,489.815,21.927,31.444,0.906,548.0,0.0,650.372,22.452,17.84,1.966,99.919,4.846,32.5,non-stable
112,H_Pin1_F25L,KLPPGWEKRMSRSSGRVYYLNHITNASQWERPSG,10.42,3.849,-1.224,4.357,0.1176,0.185,0.025,0.973,0.012,604.57,24.258,31.29,0.936,557.0,0.0,646.842,23.462,18.046,2.229,98.599,5.227,42.5,non-stable
113,H_Pin1_F25Y,KLPPGWEKRMSRSSGRVYYYNHITNASQWERPSG,10.157,3.848,-1.374,4.357,0.1471,0.178,0.024,0.973,0.01,568.632,23.835,30.736,0.853,559.0,0.0,635.863,22.16,19.197,2.169,97.529,5.039,62.0,stable
114,H_Pin1_G10A,KLPPAWEKRMSRSSGRVYYFNHITNASQWERPSG,10.42,3.849,-1.188,4.357,0.1471,0.195,0.023,0.976,0.011,480.74,21.847,30.866,0.888,561.0,0.0,639.875,22.542,18.857,2.163,96.49,5.03,49.0,non-stable
115,H_Pin1_G20A,KLPPGWEKRMSRSSARVYYFNHITNASQWERPSG,10.42,3.849,-1.188,4.357,0.1471,0.224,0.022,0.977,0.012,624.708,24.783,31.21,0.993,561.0,0.0,645.456,24.088,18.604,2.119,97.187,4.868,48.9,non-stable
116,H_Pin1_H27A,KLPPGWEKRMSRSSGRVYYFNAITNASQWERPSG,10.42,3.762,-1.106,5.667,0.1471,0.192,0.025,0.973,0.01,551.772,23.269,30.982,0.81,551.0,0.0,640.871,22.039,18.231,2.017,97.101,4.773,57.7,stable
117,H_Pin1_H27G,KLPPGWEKRMSRSSGRVYYFNGITNASQWERPSG,10.42,3.762,-1.171,5.667,0.1471,0.177,0.021,0.976,0.01,468.645,21.529,30.988,0.807,548.0,0.0,640.334,22.198,17.956,2.072,97.489,4.816,50.5,stable
118,H_Pin1_I28A,KLPPGWEKRMSRSSGRVYYFNHATNASQWERPSG,10.42,3.849,-1.332,4.357,0.1471,0.174,0.021,0.97,0.01,524.225,22.296,30.806,0.836,549.0,0.0,636.323,22.047,18.248,2.213,98.305,5.091,54.2,stable
119,H_Pin1_I28G,KLPPGWEKRMSRSSGRVYYFNHGTNASQWERPSG,10.42,3.849,-1.397,4.357,0.1471,0.177,0.022,0.963,0.012,575.894,23.7,30.651,0.934,546.0,0.0,632.75,23.552,18.312,2.163,98.258,5.091,47.2,non-stable
120,H_Pin1_K13A,KLPPGWEARMSRSSGRVYYFNHITNASQWERPSG,10.257,2.85,-1.085,3.333,0.1471,0.187,0.025,0.979,0.011,522.11,22.828,30.743,1.031,546.0,0.0,634.553,25.429,18.453,2.059,96.335,4.819,59.6,stable
121,H_Pin1_K6A,ALPPGWEKRMSRSSGRVYYFNHITNASQWERPSG,10.257,2.886,-1.085,2.167,0.1471,0.173,0.026,0.963,0.011,388.6,19.794,30.089,0.935,546.0,0.0,621.421,23.391,17.783,2.072,96.706,4.901,59.4,stable
122,H_Pin1_L7A,KAPPGWEKRMSRSSGRVYYFNHITNASQWERPSG,10.42,3.849,-1.312,4.357,0.1471,0.232,0.023,0.981,0.013,584.436,23.83,31.428,1.044,549.0,0.0,649.268,24.678,18.338,2.305,97.733,5.037,37.8,non-stable
123,H_Pin1_L7I,KIPPGWEKRMSRSSGRVYYFNHITNASQWERPSG,10.42,3.849,-1.232,4.357,0.1471,0.212,0.027,0.977,0.013,577.165,23.748,30.718,0.969,558.0,0.0,635.87,23.747,18.016,2.118,97.568,5.001,49.3,non-stable
124,H_Pin1_L7V,KVPPGWEKRMSRSSGRVYYFNHITNASQWERPSG,10.42,3.849,-1.241,4.357,0.1471,0.176,0.024,0.974,0.012,536.098,23.062,30.686,0.968,555.0,0.0,633.504,23.561,18.225,2.109,97.361,4.867,44.0,non-stable
125,H_Pin1_M15A,KLPPGWEKRASRSSGRVYYFNHITNASQWERPSG,10.42,3.849,-1.256,4.357,0.1471,0.206,0.025,0.972,0.013,533.477,22.788,31.174,0.891,551.0,0.0,643.334,22.893,18.347,2.205,98.341,4.971,51.8,stable
126,H_Pin1_N26A,KLPPGWEKRMSRSSGRVYYFAHITNASQWERPSG,10.42,3.849,-1.097,4.357,0.1471,0.181,0.022,0.976,0.011,451.109,21.121,31.13,1.052,554.0,0.0,643.886,25.684,16.237,1.946,97.928,5.015,10.0,non-stable
127,H_Pin1_N26D,KLPPGWEKRMSRSSGRVYYFDHITNASQWERPSG,9.985,2.85,-1.253,5.19,0.1471,0.227,0.026,0.973,0.01,613.429,24.286,30.652,0.862,556.0,0.0,638.551,22.955,19.772,2.151,98.655,5.124,36.0,non-stable
128,H_Pin1_N26L,KLPPGWEKRMSRSSGRVYYFLHITNASQWERPSG,10.42,3.849,-1.038,4.357,0.1471,0.187,0.022,0.975,0.01,460.497,21.091,31.164,0.919,563.0,0.0,644.429,22.925,15.753,2.086,98.238,4.902,10.0,non-stable
129,H_Pin1_N30A,KLPPGWEKRMSRSSGRVYYFNHITAASQWERPSG,10.42,3.849,-1.097,4.357,0.1471,0.196,0.02,0.968,0.012,526.21,22.944,30.888,0.911,554.0,0.0,637.753,23.47,18.14,2.012,96.066,4.935,53.3,stable
130,H_Pin1_N30G,KLPPGWEKRMSRSSGRVYYFNHITGASQWERPSG,10.42,3.849,-1.162,4.357,0.1471,0.181,0.024,0.965,0.01,600.825,24.152,30.541,0.931,551.0,0.0,630.808,22.921,18.085,2.19,95.348,4.79,65.0,stable
131,H_Pin1_P37A,KLPPGWEKRMSRSSGRVYYFNHITNASQWERASG,10.42,3.849,-1.153,4.357,0.1471,0.278,0.054,0.982,0.013,465.36,21.713,31.31,1.132,554.0,0.0,648.178,26.384,18.832,2.409,97.387,5.286,25.0,non-stable
132,H_Pin1_P37I,KLPPGWEKRMSRSSGRVYYFNHITNASQWERISG,10.42,3.849,-1.074,4.357,0.1471,0.206,0.025,0.976,0.011,554.398,23.054,31.082,0.813,563.0,0.0,641.988,21.927,19.09,2.079,96.995,4.693,25.0,non-stable
133,H_Pin1_P8A,KLAPGWEKRMSRSSGRVYYFNHITNASQWERPSG,10.42,3.849,-1.153,4.357,0.1471,0.198,0.019,0.972,0.011,617.733,24.565,30.716,0.846,554.0,0.0,635.423,22.555,18.947,2.189,97.537,5.053,47.4,non-stable
134,H_Pin1_P8G,KLGPGWEKRMSRSSGRVYYFNHITNASQWERPSG,10.42,3.849,-1.218,4.357,0.1471,0.207,0.022,0.974,0.012,435.968,20.959,30.669,0.83,551.0,0.0,634.845,22.394,19.035,2.237,97.305,5.045,47.7,non-stable
135,H_Pin1_P9A,KLPAGWEKRMSRSSGRVYYFNHITNASQWERPSG,10.42,3.849,-1.153,4.357,0.1471,0.197,0.023,0.97,0.01,508.377,22.453,30.654,0.789,554.0,0.0,634.541,21.442,18.392,1.958,98.779,4.831,56.0,stable
136,H_Pin1_P9G,KLPGGWEKRMSRSSGRVYYFNHITNASQWERPSG,10.42,3.849,-1.218,4.357,0.1471,0.223,0.031,0.964,0.011,479.952,21.979,30.057,1.0,551.0,0.0,622.606,24.885,19.411,2.571,96.16,5.363,53.1,stable
137,H_Pin1_Q33A,KLPPGWEKRMSRSSGRVYYFNHITNASAWERPSG,10.42,3.849,-1.097,4.357,0.1471,0.214,0.031,0.975,0.011,528.527,22.991,30.762,1.028,551.0,0.0,637.564,25.261,17.403,2.199,96.372,5.064,53.1,stable
138,H_Pin1_R14A,KLPPGWEKAMSRSSGRVYYFNHITNASQWERPSG,9.989,2.849,-1.068,3.5,0.1471,0.193,0.023,0.976,0.012,513.304,22.41,31.082,0.927,544.0,0.0,640.531,23.166,17.075,1.986,97.405,4.817,39.2,non-stable
139,H_Pin1_R17A,KLPPGWEKRMSASSGRVYYFNHITNASQWERPSG,9.989,2.849,-1.068,4.0,0.1471,0.175,0.027,0.957,0.009,463.978,21.522,30.047,0.874,544.0,0.0,621.733,22.498,18.054,1.932,94.733,4.655,58.8,stable
140,H_Pin1_R17G,KLPPGWEKRMSGSSGRVYYFNHITNASQWERPSG,9.989,2.849,-1.132,4.0,0.1471,0.172,0.016,0.954,0.008,538.647,22.951,29.727,0.828,541.0,0.0,616.868,21.744,17.492,2.113,95.475,4.834,57.3,stable
141,H_Pin1_R21A,KLPPGWEKRMSRSSGAVYYFNHITNASQWERPSG,9.989,2.849,-1.068,4.667,0.1471,0.202,0.021,0.97,0.011,434.348,20.927,30.264,0.869,544.0,0.0,623.792,22.106,18.69,2.103,93.614,4.848,50.9,stable
142,H_Pin1_R21G,KLPPGWEKRMSRSSGGVYYFNHITNASQWERPSG,9.989,2.849,-1.132,4.667,0.1471,0.207,0.03,0.966,0.012,561.552,23.238,30.541,0.903,541.0,0.0,629.503,22.853,18.346,2.118,94.695,4.917,51.5,stable
143,H_Pin1_R36A,KLPPGWEKRMSRSSGRVYYFNHITNASQWEAPSG,9.989,2.849,-1.068,7.167,0.1471,0.213,0.022,0.979,0.012,592.476,23.848,30.783,0.828,544.0,0.0,634.778,21.492,17.807,1.91,95.389,4.569,56.7,stable
144,H_Pin1_S16A,KLPPGWEKRMARSSGRVYYFNHITNASQWERPSG,10.42,3.849,-1.176,4.357,0.1471,0.175,0.026,0.976,0.01,568.632,23.84,31.136,0.914,557.0,0.0,641.405,23.155,18.011,2.117,96.743,4.878,54.0,stable
145,H_Pin1_S16G,KLPPGWEKRMGRSSGRVYYFNHITNASQWERPSG,10.42,3.849,-1.241,4.357,0.1471,0.207,0.02,0.967,0.011,568.383,23.65,30.674,0.873,554.0,0.0,635.009,22.604,17.037,2.086,98.104,4.898,47.6,non-stable
146,H_Pin1_S18A,KLPPGWEKRMSRASGRVYYFNHITNASQWERPSG,10.42,3.849,-1.176,4.357,0.1471,0.191,0.022,0.962,0.011,552.862,23.367,30.631,0.998,557.0,0.0,633.044,24.61,18.009,2.219,97.01,4.899,58.4,stable
147,H_Pin1_S18G,KLPPGWEKRMSRGSGRVYYFNHITNASQWERPSG,10.42,3.849,-1.241,4.357,0.1471,0.19,0.022,0.97,0.011,536.359,23.166,31.109,0.891,554.0,0.0,642.773,23.23,18.165,2.014,96.918,4.728,56.5,stable
148,H_Pin1_S19A,KLPPGWEKRMSRSAGRVYYFNHITNASQWERPSG,10.42,3.849,-1.176,4.357,0.1471,0.213,0.021,0.97,0.01,471.57,21.586,30.998,0.914,557.0,0.0,640.391,23.439,17.525,2.025,97.935,4.896,57.1,stable
149,H_Pin1_S19G,KLPPGWEKRMSRSGGRVYYFNHITNASQWERPSG,10.42,3.849,-1.241,4.357,0.1471,0.199,0.026,0.967,0.012,449.217,21.187,30.938,0.849,554.0,0.0,641.075,22.086,17.879,2.134,97.302,4.948,56.0,stable
150,H_Pin1_S32A,KLPPGWEKRMSRSSGRVYYFNHITNAAQWERPSG,10.42,3.849,-1.176,4.357,0.1471,0.186,0.026,0.975,0.011,564.595,23.889,30.936,0.796,557.0,0.0,639.215,21.81,18.132,2.109,96.34,4.887,56.9,stable
151,H_Pin1_S32G,KLPPGWEKRMSRSSGRVYYFNHITNAGQWERPSG,10.42,3.849,-1.241,4.357,0.1471,0.212,0.028,0.978,0.012,443.415,20.806,31.059,0.95,554.0,0.0,642.328,23.449,17.842,2.291,96.913,5.254,50.1,stable
152,H_Pin1_S38A,KLPPGWEKRMSRSSGRVYYFNHITNASQWERPAG,10.42,3.849,-1.176,4.357,0.1471,0.192,0.026,0.972,0.01,543.845,22.936,31.195,0.928,557.0,0.0,642.932,23.196,18.174,2.053,96.841,4.665,58.8,stable
153,H_Pin1_S38G,KLPPGWEKRMSRSSGRVYYFNHITNASQWERPGG,10.42,3.849,-1.241,4.357,0.1471,0.2,0.023,0.966,0.011,453.435,21.137,30.762,0.781,554.0,0.0,637.085,21.299,19.125,2.194,94.995,4.819,58.2,stable
154,H_Pin1_T29A,KLPPGWEKRMSRSSGRVYYFNHIANASQWERPSG,10.42,3.849,-1.179,4.357,0.1471,0.181,0.019,0.971,0.012,433.248,20.565,30.932,0.781,554.0,0.0,638.953,21.765,17.612,2.021,97.871,4.817,44.3,non-stable
155,H_Pin1_T29D,KLPPGWEKRMSRSSGRVYYFNHIDNASQWERPSG,9.985,2.85,-1.335,6.19,0.1471,0.188,0.025,0.98,0.011,563.299,23.514,30.95,1.19,556.0,0.0,642.056,27.66,18.639,2.109,101.684,5.131,42.9,non-stable
156,H_Pin1_T29G,KLPPGWEKRMSRSSGRVYYFNHIGNASQWERPSG,10.42,3.849,-1.244,4.357,0.1471,0.198,0.023,0.975,0.012,551.922,23.287,31.104,0.99,551.0,0.0,641.046,25.134,17.698,1.958,98.189,5.023,34.4,non-stable
157,H_Pin1_T29S,KLPPGWEKRMSRSSGRVYYFNHISNASQWERPSG,10.42,3.849,-1.256,4.357,0.1471,0.174,0.021,0.968,0.01,597.421,24.087,30.751,0.866,555.0,0.0,635.141,21.923,18.333,2.026,98.021,4.935,50.8,stable
158,H_Pin1_V22A,KLPPGWEKRMSRSSGRAYYFNHITNASQWERPSG,10.42,3.849,-1.324,4.357,0.1471,0.193,0.028,0.98,0.012,481.46,21.865,31.305,0.9,552.0,0.0,646.618,22.545,18.007,1.992,99.346,4.648,54.2,stable
159,H_Pin1_W11A,KLPPGAEKRMSRSSGRVYYFNHITNASQWERPSG,10.42,3.849,-1.174,4.357,0.1176,0.23,0.028,0.976,0.012,484.121,22.155,30.518,1.125,544.0,0.0,633.133,26.508,17.629,2.267,98.593,5.147,10.0,non-stable
160,H_Pin1_W11F,KLPPGFEKRMSRSSGRVYYFNHITNASQWERPSG,10.42,3.849,-1.144,4.357,0.1471,0.195,0.024,0.975,0.01,500.254,22.318,30.905,0.866,554.0,0.0,640.495,22.549,17.584,2.108,97.342,5.114,35.0,non-stable
161,H_Pin1_W11L,KLPPGLEKRMSRSSGRVYYFNHITNASQWERPSG,10.42,3.849,-1.115,4.357,0.1176,0.237,0.042,0.99,0.015,599.996,24.085,32.159,0.967,553.0,0.0,665.113,23.867,16.641,2.049,101.277,4.914,10.0,non-stable
162,H_Pin1_W34A,KLPPGWEKRMSRSSGRVYYFNHITNASQAERPSG,10.42,3.849,-1.174,4.357,0.1176,0.188,0.02,0.982,0.011,467.981,21.681,30.995,0.917,544.0,0.0,640.386,22.751,18.115,2.03,98.259,4.8,52.9,stable
163,H_Pin1_W34F,KLPPGWEKRMSRSSGRVYYFNHITNASQFERPSG,10.42,3.849,-1.144,4.357,0.1471,0.184,0.026,0.978,0.013,478.917,21.599,31.056,0.85,554.0,0.0,639.953,21.881,18.182,2.1,97.425,4.799,58.0,stable
164,H_Pin1_Y23F,KLPPGWEKRMSRSSGRVFYFNHITNASQWERPSG,10.932,3.85,-1.132,4.357,0.1471,0.207,0.021,0.975,0.011,569.007,23.915,31.098,0.973,557.0,0.0,643.668,23.908,17.877,2.191,97.818,4.931,52.8,stable
165,H_Pin1_wt,KLPPGWEKRMSRSSGRVYYFNHITNASQWERPSG,10.42,3.849,-1.253,4.357,0.1471,0.177,0.021,0.971,0.009,518.498,22.865,30.781,0.949,558.0,0.0,635.953,23.432,18.663,2.128,97.069,4.874,58.6,stable
166,cl_WW_BS2_1,PLPPGWEIRIGSGSGSIYYYNHNTKTTTWERPRL,9.551,2.047,-0.953,5.5,0.1471,0.179,0.02,0.965,0.009,523.108,22.434,30.227,0.862,551.0,0.0,627.471,22.495,17.404,2.148,93.006,4.809,58.0,stable
167,cl_WW_BS2_4,PLPPGWEIRIGSGSGSISFYNHNTKTTTWERPRL,9.994,2.049,-0.818,5.5,0.1176,0.224,0.027,0.959,0.01,520.288,22.264,29.86,0.944,540.0,0.0,621.167,24.201,17.327,2.27,91.565,4.907,37.0,non-stable
168,cl_WW_BS3_1,PLPPGWEIRIGSGSGSIYYYNSITKISTWERPRL,9.551,1.96,-0.497,6.0,0.1471,0.205,0.023,0.956,0.009,337.713,18.198,29.974,0.888,552.0,0.0,621.631,23.595,17.483,2.112,86.934,4.719,63.0,stable
169,cl_WW_BS3_2,PLPPGWEIRIGSGSGSIYYYNSITKTNTWERPRL,9.551,1.96,-0.729,6.0,0.1471,0.188,0.022,0.959,0.009,402.536,19.671,30.048,0.934,550.0,0.0,624.076,24.023,17.881,2.239,89.008,4.873,50.5,stable
170,cl_WW_BS3_3,PLPPGWEIRIGSGSGSIYYYNSITKTATWERPRL,9.551,1.96,-0.574,6.0,0.1471,0.169,0.02,0.954,0.01,331.451,17.883,29.335,1.254,546.0,0.0,608.313,28.993,17.555,2.164,87.2,4.671,64.0,stable
171,cl_WW_BS3_6,PLPPGWEIRIGSGSGSIYYYNSITRTATWERPRL,9.713,1.961,-0.591,6.0,0.1471,0.18,0.021,0.963,0.009,421.626,20.416,29.418,1.088,548.0,0.0,608.446,25.756,17.882,2.16,88.641,4.6,62.5,stable
172,cl_WW_BS3_7,PLPPGWEIRIGSGSGSIYYYNSITRITTWERPRL,9.713,1.961,-0.512,6.0,0.1471,0.194,0.021,0.954,0.012,468.486,21.064,29.358,1.063,557.0,0.0,609.328,25.389,17.605,2.114,88.621,4.604,48.5,non-stable
173,cl_WW_BS_1,PLPPGWEIRIDRPGGRIYFYNHNTKTTTWERPRL,10.253,3.049,-1.165,5.143,0.1471,0.17,0.017,0.985,0.009,520.206,22.199,30.523,1.404,584.0,0.0,637.456,31.7,16.243,1.899,100.034,4.807,69.5,stable
174,cl_WW_BS_2,PLPPGWEIRLDRPGGRIYFYNHNTKTTTWERPRL,10.253,3.049,-1.185,5.143,0.1471,0.222,0.021,0.998,0.011,615.373,24.131,32.107,1.028,584.0,0.0,667.308,25.61,17.639,2.462,96.794,5.288,66.0,stable
175,cl_WW_BS_3,PLPPGWEIRTDRPGGRIYFYNHNTKTTTWERPRL,10.253,3.049,-1.318,5.143,0.1471,0.195,0.023,0.995,0.009,601.875,23.865,31.783,0.96,579.0,0.0,665.61,24.012,16.806,2.306,101.57,5.387,65.5,stable
176,cl_WW_BS_4,PLPPGWEIKIDRPGGRIYFYNHNTKTTTWERPRL,9.993,3.048,-1.147,5.143,0.1471,0.181,0.021,0.995,0.01,593.714,23.998,31.901,0.936,582.0,0.0,664.674,24.136,15.644,2.058,99.055,4.862,65.5,stable
177,cl_WW_BS_5,PLPPGWEIEIDRPGGRIYFYNHNTKTTTWERPRL,8.901,1.052,-1.135,8.917,0.1471,0.19,0.023,0.99,0.01,540.581,22.659,31.486,0.927,575.0,0.0,658.864,23.875,16.78,2.215,101.912,5.199,25.0,non-stable
178,cl_WW_BS_6,PLPPGWKIKIDRPGGRIYFYNHNTKTTTWERPRL,10.536,5.045,-1.159,1.125,0.1471,0.175,0.02,0.99,0.009,584.263,23.876,32.149,0.945,589.0,0.0,668.695,23.805,14.737,1.975,96.391,4.888,49.5,non-stable
179,cl_WW_BS_7,PLPPGWQIQIDRPGGRIYFYNHNTKTTTWERPRL,10.263,3.047,-1.135,2.667,0.1471,0.266,0.024,0.999,0.011,465.303,21.579,31.599,1.01,579.0,0.0,659.56,25.253,14.992,2.152,98.915,5.097,51.0,stable
180,cl_WW_CS,PLPPGWEERKDRPGGRVYYVNHNTRTTTWERPRL,10.243,3.052,-1.632,5.75,0.1176,0.224,0.027,0.997,0.01,607.71,24.299,32.494,1.062,578.0,0.0,682.131,25.181,18.116,2.621,107.559,5.428,53.5,stable
181,cl_WW_CT_1,PLPPGWEIRIGSGSGSIYYYNSITKTTTAERPRI,9.551,1.96,-0.547,6.0,0.1176,0.171,0.025,0.954,0.011,437.183,20.616,29.013,1.02,536.0,0.0,607.068,25.438,18.044,2.166,87.568,4.716,61.5,stable
182,cl_WW_HS_1,PLPPGWEIRIDSGSGRIYYYNSITKTTTWERPRL,9.549,1.961,-0.847,6.8,0.1471,0.164,0.017,0.965,0.008,531.579,22.651,30.097,0.995,568.0,0.0,627.109,24.427,19.871,2.18,92.904,4.654,93.5,stable
183,cl_WW_HS_2,PLPPGWEIRIESGSGRIYYYNSITKTTTWERPRL,9.549,1.963,-0.847,6.8,0.1471,0.19,0.025,0.973,0.009,551.906,23.027,30.325,0.818,571.0,0.0,633.674,21.944,18.61,2.245,94.522,4.669,89.0,stable
184,cl_WW_HS_CA,PLPPGWEIHIDSGSGRIHYHNSITKTTTWERPRL,9.006,1.225,-0.921,5.714,0.0882,0.196,0.032,0.964,0.011,408.311,20.003,29.622,1.102,553.0,0.0,620.287,26.079,18.462,2.323,94.292,4.881,43.0,non-stable
185,cl_WW_HS_I,PLPPGWEIRIESQSGRIYYINHITKTTTWERPRL,9.713,2.051,-0.838,6.667,0.1176,0.201,0.024,0.993,0.009,501.899,21.88,31.408,0.896,585.0,0.0,652.804,23.647,21.729,2.733,92.507,5.151,75.5,stable
186,cl_WW_HS_IV,PLPPGWEIRISRSSGRIYYYNSITKTSQWERPRL,10.412,3.96,-0.974,2.5,0.1471,0.193,0.021,0.977,0.009,342.203,18.607,30.04,1.48,584.0,0.0,621.467,32.094,19.455,2.422,94.558,5.412,77.5,stable
187,cl_WW_HS_atp,PLPPGWEIRIDRSRGRIYYHNSITKTETWERPRL,10.243,3.052,-1.215,1.25,0.1176,0.209,0.024,0.999,0.014,524.023,22.581,32.655,1.024,595.0,0.0,683.907,26.198,19.757,2.662,104.321,5.684,58.0,stable
188,cl_WW_HS_pc,PLPPGWEIRIDSGSGRIYYSNSITRTSTWERPRL,9.979,1.963,-0.853,6.8,0.1176,0.174,0.02,0.97,0.009,615.56,24.282,30.684,0.911,557.0,0.0,637.879,23.479,20.206,2.406,94.965,5.073,47.5,non-stable
189,cl_WW_LP1_1,PLPPGWEIRISGSGSGIYFYNHNTKTTTWERPRL,9.716,2.048,-0.832,5.5,0.1471,0.202,0.024,0.956,0.012,518.347,22.565,29.865,0.809,550.0,0.0,618.82,22.265,17.516,2.122,90.466,4.779,51.5,stable
190,cl_WW_LP1_2,PLPPGWEIRIDGSGSKIYFYNHNTKTTTWERPRL,9.551,2.048,-1.015,6.667,0.1471,0.211,0.029,0.969,0.01,515.36,22.154,30.994,1.063,566.0,0.0,646.28,25.57,18.088,2.142,97.451,4.927,60.5,stable
191,cl_WW_LP1_3,PLPPGWEIRIDGSGSRIYFYNHNTKTTTWERPRL,9.713,2.049,-1.032,6.667,0.1471,0.202,0.023,0.969,0.009,522.554,22.706,30.074,0.861,568.0,0.0,626.471,22.84,19.724,2.261,94.919,4.942,62.5,stable
192,cl_WW_LP1_4,PLPPGWEIRIEGSGSRIYFYNHNTKTTTWERPRL,9.713,2.051,-1.032,6.667,0.1471,0.222,0.027,0.978,0.009,561.295,23.403,30.785,0.916,571.0,0.0,638.139,23.679,18.832,2.305,96.187,5.146,57.5,stable
193,cl_WW_LP1_5,PLPPGWEIRIGSGSGSIYFYNHNTKTTTWERPRL,9.716,2.048,-0.832,5.5,0.1471,0.212,0.041,0.964,0.01,505.692,22.216,30.122,0.974,550.0,0.0,624.852,25.086,17.672,2.411,91.068,5.199,53.5,stable
194,cl_WW_LP1_6,PLPPGWEIRIDSGSGRIYFYNHNTKTTTWERPRL,9.713,2.049,-1.032,6.667,0.1471,0.171,0.021,0.966,0.008,476.664,21.451,30.404,0.815,568.0,0.0,630.686,21.991,20.085,2.246,94.121,4.811,85.0,stable
195,cl_WW_LP1_7,PLPPGWEIRIESGSGRIYFYNHNTKTTTWERPRL,9.713,2.051,-1.032,6.667,0.1471,0.192,0.022,0.98,0.01,509.32,22.17,30.952,1.072,571.0,0.0,643.238,26.053,20.411,2.329,94.981,4.876,79.5,stable
196,cl_WW_LP2_1,PLPPGWEIRIGSGSGSIYYYNSGSKTTTWERPRL,9.551,1.96,-0.794,6.0,0.1471,0.216,0.022,0.95,0.009,427.286,20.419,28.653,1.083,535.0,0.0,597.8,25.635,16.943,2.223,90.36,5.072,42.5,non-stable
197,cl_WW_LP2_7,PLPPGWEIRIGSGSGSIYYYNGSGKTTTWERPRL,9.551,1.96,-0.782,6.0,0.1471,0.165,0.021,0.953,0.009,497.011,21.599,29.266,0.841,531.0,0.0,608.69,22.117,16.745,2.139,90.509,4.653,0.0,non-stable
198,jager_pin1_1,MADEEKLPPGWEKRMSRSSGRVYYFNHITNASQWERPSG,8.211,0.596,-1.267,7.343,0.1282,0.286,0.068,1.043,0.033,574.568,23.707,34.898,1.242,627.0,0.0,726.676,28.854,21.873,2.608,119.607,5.71,69.2,stable
